bgc_id,product,bigscape_class,biosyn_class,compounds,chem_acts,accession,completeness,organism_name,ncbi_tax_id,publications,evidence,gcf_0.50,gcf_0.30,gcf_0.40,Clan Number,fam_id_0.40,fam_type_0.40,fam_known_compounds_0.40
BGC0000001,T1PKS,PKSI,Polyketide,abyssomicin C;atrop-abyssomicin C,antibacterial;cytotoxic,JF752342.1,complete,Verrucosispora maris AB-18-032,263358,pubmed:21656887,Knock-out studies,,,,,,,
BGC0000003,T1PKS,PKSI,Polyketide,AF-toxin,,AB179766.1,Unknown,Alternaria alternata,5599,doi:10.1007/s10327-004-0170-3,,,,,,,,
BGC0000004,T1PKS,PKSI,Polyketide,aflatoxin G1,,AB196490.1,Unknown,Aspergillus oryzae,5062,pubmed:16391082,,,,,,,,
BGC0000006,T1PKS,PKSI,Polyketide,aflatoxin,,AY510451.1,Unknown,Aspergillus flavus,5059,pubmed:15528514,,,,,,,,
BGC0000007,T1PKS,PKSI,Polyketide,aflatoxin,,AY510452.1,Unknown,Aspergillus flavus,5059,pubmed:12382060;pubmed:15528514,,,,,,,,
BGC0000008,T1PKS,PKSI,Polyketide,aflatoxin,,AY510453.1,Unknown,Aspergillus flavus,5059,pubmed:15528514,,,,,,,,
BGC0000009,T1PKS,PKSI,Polyketide,aflatoxin,,AY510454.1,Unknown,Aspergillus nomius,41061,pubmed:15528514,,,,,,,,
BGC0000011,T1PKS,PKSI,Polyketide,sterigmatocystin,,AY092402.3,Unknown,Aspergillus ochraceoroseus,138278,pubmed:19537208,,,,,,,,
BGC0000012,T1PKS,PKSI,Polyketide,alternapyrone,,AB120221.1,Unknown,Alternaria solani,48100,pubmed:6436801;pubmed:16356847,,,,,,,,
BGC0000013,T1PKS,PKSI,Polyketide,alternariol,,BN001304.1,Unknown,Aspergillus nidulans FGSC A4,227321,pubmed:22510154,,,,,,,,
BGC0000017,T1PKS,PKSI,Polyketide;Alkaloid,anatoxin-a;homoanatoxin-a,neurotoxic,FJ477836.1,complete,[Oscillatoria] sp. PCC 6506,272129,pubmed:25108149;pubmed:24311576;pubmed:21786780;pubmed:20675499;pubmed:19954230;pubmed:19489636;pubmed:19447947;pubmed:21873484;pubmed:23277585,Enzymatic assays,,,,,,,
BGC0000018,T1PKS,PKSI,Polyketide,angolamycin,antibacterial,EU220288.1,Unknown,Streptomyces eurythermus,42237,pubmed:18802638,,,,,,,,
BGC0000021,T1PKS,PKSI,Polyketide,apoptolidin,cytotoxic,JF819834.1,Unknown,Nocardiopsis sp. FU 40,2914159,pubmed:21869849,,,,,,,,
BGC0000022,T1PKS,PKSI,Polyketide,asperfuranone,,AACD01000015.1,Unknown,Aspergillus nidulans FGSC A4,227321,pubmed:19199437,,,,,,,,
BGC0000023,T1PKS,PKSI,Polyketide,aurafuron A,antifungal;cytotoxic;surfactant,AM850130.1,complete,Stigmatella aurantiaca DW4/3-1,378806,pubmed:17919655,Knock-out studies,,,,,,,
BGC0000024,T1PKS,PKSI,Polyketide,aureothin,antibacterial;antifungal;antiprotozoal;cytotoxic;insecticidal,AJ575648.1,complete,Streptomyces thioluteus,66431,pubmed:13174453;pubmed:770405;pubmed:11079808;pubmed:14700630;pubmed:15038705;pubmed:15612710;pubmed:15645471;pubmed:15812854;pubmed:16292785;pubmed:17718517;pubmed:17763486;pubmed:17765264;pubmed:18458342;pubmed:20798054;pubmed:21280577;pubmed:21678538;pubmed:22799266;pubmed:23606628;pubmed:24402879;pubmed:24973817;pubmed:20662518,Knock-out studies;Enzymatic assays;Heterologous expression,,,,,,,
BGC0000027,T1PKS,PKSI,Polyketide,ankaflavin;monascin;rubropunctatine;monascorubrin,,KC148521.1,complete,Monascus pilosus,89488,pubmed:23504076,,,,,,,,
BGC0000028,T1PKS,PKSI,Polyketide,bafilomycin B1,antibacterial;antifungal;antineoplastic;immunosuppressive,GU390405.1,complete,Streptomyces lohii,390239,pubmed:23362147,Knock-out studies;Enzymatic assays,,,,,,,
BGC0000029,T1PKS,PKSI,Polyketide,BE-14106,antibacterial;antifungal;cytotoxic,FJ872523.1,complete,Streptomyces sp. DSM 21069,639005,pubmed:19875084,Knock-out studies;Enzymatic assays,,,,,,,
BGC0000030,T1PKS,PKSI,Polyketide,bikaverin,,HF679027.1,Unknown,Fusarium fujikuroi IMI 58289,1279085,pubmed:17927749,,,,,,,,
BGC0000031,T1PKS,PKSI,Polyketide,borrelidin,antibacterial;antifungal;antiviral;cytotoxic;inhibitor,AJ580915.1,complete,Streptomyces parvulus,146923,pubmed:15112998;pubmed:14651102;pubmed:15186422,Knock-out studies,,,,,,,
BGC0000032,T1PKS,PKSI,Polyketide,A23187,antibacterial;antifungal,HM452329.1,Unknown,Streptomyces chartreusis NRRL 3882,1079985,pubmed:21173184,Knock-out studies,,,,,,,
BGC0000035,T1PKS,PKSI,Polyketide,chalcomycin A,antibacterial,AY509120.1,Unknown,Streptomyces bikiniensis,1896,pubmed:15561847,,,,,,,,
BGC0000037,T1PKS,PKSI,Polyketide,cichorine,,BN001301.1,Unknown,Aspergillus nidulans FGSC A4,227321,pubmed:22510154;pubmed:24244835,,,,,,,,
BGC0000039,T1PKS,PKSI,Polyketide,compactin,,AB072893.1,Unknown,Penicillium citrinum,5077,pubmed:12172803;pubmed:12242508;pubmed:18667169;pubmed:12436257,,,,,,,,
BGC0000040,T1PKS,PKSI,Polyketide,concanamycin A,antiprotozoal;antiviral;cytotoxic;inhibitor,DQ149987.1,Unknown,Streptomyces neyagawaensis,42238,pubmed:16207901,,,,,,,,
BGC0000041,T1PKS,PKSI,Polyketide,oronofacic acid,,AF098795.1,Unknown,Pseudomonas syringae,317,pubmed:9860992,,,,,,,,
BGC0000042,T1PKS,PKSI,Polyketide,cremimycin,antibacterial;antifungal,AB818354.1,Unknown,Streptomyces sp. MJ635-86F5,1321967,pubmed:24014395,,,,,,,,
BGC0000043,T1PKS,PKSI,Polyketide,curacin A,cytotoxic,GQ412749.1,Unknown,Moorea producens 19L,276768,pubmed:19835378,,,,,,,,
BGC0000044,T1PKS,PKSI,Polyketide,dawenol,,CP002271.1,complete,Stigmatella aurantiaca DW4/3-1,378806,pubmed:25102237,Heterologous expression,,,,,,,
BGC0000045,T1PKS,PKSI,Polyketide,dehydrocurvularin,,JX971534.1,Unknown,Aspergillus terreus,33178,pubmed:23335766,,,,,,,,
BGC0000046,T1PKS,PKSI,Polyketide,depudecin,inhibitor,FJ977165.1,complete,Alternaria brassicicola,29001,pubmed:19737099,Knock-out studies,,,,,,,
BGC0000047,T1PKS,PKSI,Polyketide,"10,11-dihydro-8-deoxy-12,13-deepoxy-12,13-dihydrochalcomycin",antibacterial;antifungal;cytotoxic,AY118081.2,Unknown,Streptomyces sp. KCTC 0041BP,201500,pubmed:17053005,,,,,,,,
BGC0000048,T1PKS,PKSI,Polyketide,dothistromin,,DQ149246.3,Unknown,Dothistroma septosporum,64363,pubmed:16649078,,,,,,,,
BGC0000050,T1PKS,PKSI,Polyketide,E-837,antibacterial;antifungal,DQ272520.1,Unknown,Streptomyces aculeolatus,270689,pubmed:16724457,,,,,,,,
BGC0000051,T1PKS,PKSI,Polyketide,ebelactone A;ebelactone B,antifungal,KC894072.1,Unknown,Kitasatospora aburaviensis,67265,pubmed:23801186,,,,,,,,
BGC0000052,T1PKS,PKSI,Polyketide,ECO-02301,antifungal,AY899214.1,Unknown,Streptomyces aizunensis,255848,pubmed:15844935,,,,,,,,
BGC0000053,T1PKS,PKSI,Polyketide,elaiophylin,cytotoxic,GP697151.1,Unknown,Unknown. Unclassified.,12908,patent:WO2006053313A2,,,,,,,,
BGC0000054,T1PKS,PKSI,Polyketide,erythromycin,antibacterial,AY623658.2,Unknown,Aeromicrobium erythreum,2041,pubmed:15257441,,,,,,,,
BGC0000055,T1PKS,PKSI,Polyketide;Saccharide,erythromycin A;erythromycin B;erythromycin C;erythromycin D,antibacterial;inhibitor,AM420293.1,complete,Saccharopolyspora erythraea NRRL 2338,405948,pubmed:11336289;pubmed:24704088;pubmed:23902230;pubmed:21175699;pubmed:18836015;pubmed:18223111;pubmed:17369815;pubmed:16491356;pubmed:15575696;pubmed:15303858;pubmed:12904561;pubmed:12435693;pubmed:10559177;pubmed:9613575;pubmed:9563840;pubmed:9493390;pubmed:9393448;pubmed:9353926;pubmed:7737500;pubmed:7749919;pubmed:8300527;pubmed:8448148;pubmed:8449313;pubmed:8416893;pubmed:1618327;pubmed:1840640;pubmed:2234082;pubmed:2185216;pubmed:2681144;pubmed:2575703;pubmed:2469627,Knock-out studies;Enzymatic assays;Heterologous expression;Gene expression correlated with compound production,,,,,,,
BGC0000056,T1PKS,PKSI,Polyketide,esperamicin,,AY267372.1,Unknown,Actinomadura verrucosospora,46165,pubmed:14528002,,,,,,,,
BGC0000057,T1PKS,PKSI,Polyketide,F9775A;F9775B;orsellinic acid,inhibitor,AACD01000135.1,incomplete,Aspergillus nidulans FGSC A4,227321,pubmed:20174687;pubmed:9448638;pubmed:19666480,Knock-out studies;Gene expression correlated with compound production,,,,,,,
BGC0000058,T1PKS,PKSI,Polyketide,FD-891,antifungal;cytotoxic,AB469193.1,Unknown,Streptomyces graminofaciens,68212,pubmed:20589823,,,,,,,,
BGC0000059,T1PKS,PKSI,Polyketide,filipin,antibacterial;antifungal,BA000030.3,Unknown,Streptomyces avermitilis MA-4680 = NBRC 14893,227882,pubmed:23990133,,,,,,,,
BGC0000060,T1PKS,PKSI,Polyketide,fostriecin,antifungal;cytotoxic,HQ434551.1,Unknown,Streptomyces pulveraceus,68258,pubmed:23352138,,,,,,,,
BGC0000062,T1PKS,PKSI,Polyketide,fumonisin B1,,AF155773.5,Unknown,Fusarium verticillioides,117187,pubmed:10413619;pubmed:11728154;pubmed:12423021;pubmed:12620260;pubmed:14602658;pubmed:16536629;pubmed:17483290;pubmed:32546615,,,,,,,,
BGC0000063,T1PKS,PKSI,Polyketide,fumonisin,,EU449979.1,Unknown,Fusarium oxysporum,5507,pubmed:18375156,,,,,,,,
BGC0000068,T1PKS,PKSI,Polyketide,geldanamycin,antibacterial;antifungal;antiprotozoal;cytotoxic,DQ914285.1,Unknown,Streptomyces hygroscopicus,1912,pubmed:18214443,,,,,,,,
BGC0000069,T1PKS,PKSI,Polyketide,gephyronic acid,antifungal;cytotoxic,KF479198.1,Unknown,Archangium violaceum Cb vi76,1406225,pubmed:24298873,,,,,,,,
BGC0000070,T1PKS,PKSI,Polyketide,griseofulvin;epidechlorogriseofulvin;norlichexanthone;dehydrogriseofulvin;4-desmethylgriseofulvin;griseoxanthone B,antifungal;cytotoxic;antioxidant,GU574478.1,complete,Penicillium aethiopicum,36650,pubmed:23978092;pubmed:22942257;pubmed:22191585;pubmed:20534346;pubmed:15985553;pubmed:588267;pubmed:864701;pubmed:4583106,Knock-out studies;Enzymatic assays;Heterologous expression;Gene expression correlated with compound production,,,,,,,
BGC0000072,T1PKS,PKSI,Polyketide,gulmirecin A,antibacterial,KM361622.1,Unknown,Pyxidicoccus fallax,394095,pubmed:25287056,,,,,,,,
BGC0000073,T1PKS,PKSI,Polyketide,halstoctacosanolide A,antibacterial,AB241068.1,Unknown,Streptomyces halstedii,1944,pubmed:16568718,,,,,,,,
BGC0000076,T1PKS,PKSI,Polyketide,hypothemycin,,EU520417.1,Unknown,Hypomyces subiculosus,193393,pubmed:18567690,,,,,,,,
BGC0000077,T1PKS,PKSI,Polyketide,hypothemycin,,EU520418.1,Unknown,Hypomyces subiculosus,193393,pubmed:18567690,,,,,,,,
BGC0000079,T1PKS,PKSI,Polyketide,X-14547,antibacterial;antifungal,FJ545274.1,Unknown,Streptomyces antibioticus,1890,pubmed:19301315,Knock-out studies,,,,,,,
BGC0000080,T1PKS,PKSI,Polyketide,jerangolid A;jerangolid D,antifungal,DQ897668.1,Unknown,Sorangium cellulosum,56,pubmed:17185223,,,,,,,,
BGC0000084,T1PKS,PKSI,Polyketide,laidlomycin,antibacterial;cytotoxic,JQ793783.1,Unknown,Streptomyces sp. CS684,272618,pubmed:17342048,,,,,,,,
BGC0000085,T1PKS,PKSI,Polyketide,lankamycin,antibacterial;cytotoxic,AB088224.2,Unknown,Streptomyces rochei,1928,pubmed:12791134;pubmed:10954087;pubmed:10767533;pubmed:9836424,,,,,,,,
BGC0000086,T1PKS,PKSI,Polyketide,lasalocid,antibacterial;antiprotozoal,AB449340.1,Unknown,Streptomyces lasaliensis,324833,pubmed:18710235;pubmed:19129623,,,,,,,,
BGC0000087,T1PKS,PKSI,Polyketide,lasalocid,antibacterial;antiprotozoal,FM173265.1,Unknown,Streptomyces lasaliensis,324833,pubmed:19025863,,,,,,,,
BGC0000088,T1PKS,PKSI,Polyketide,monacolin K,,AH007774.2,Unknown,Aspergillus terreus,33178,pubmed:10334994,,,,,,,,
BGC0000092,T1PKS,PKSI,Polyketide,megalomicin A;megalomicin B;megalomicin C1;megalomicin C2,antibacterial,AF263245.1,Unknown,Micromonospora megalomicea subsp. nigra,136926,pubmed:10972798,,,,,,,,
BGC0000093,T1PKS,PKSI,Polyketide,meilingmycin,anthelmintic;antibacterial;insecticidal,FJ952082.1,Unknown,Streptomyces nanchangensis,204925,pubmed:12811466;pubmed:20348291,,,,,,,,
BGC0000094,T1PKS,PKSI,Polyketide;Saccharide,methymycin,antibacterial,AF079138.1,incomplete,Streptomyces venezuelae,54571,pubmed:9770448,Enzymatic assays,,,,,,,
BGC0000096,T1PKS,PKSI,Polyketide,midecamycin,antibacterial,BD420675.1,Unknown,Streptomyces mycarofaciens,1949,patent:US7070980B2,,,,,,,,
BGC0000097,T1PKS,PKSI,Polyketide,ML-449,antibacterial;antifungal,FJ872525.1,complete,Streptomyces sp. MP39-85,639006,pubmed:19854930,Knock-out studies,,,,,,,
BGC0000098,T1PKS,PKSI,Polyketide,monacolin K,,DQ176595.1,Unknown,Monascus pilosus,89488,pubmed:18578535;pubmed:28559732;pubmed:28070827;pubmed:19968298;pubmed:19693441,,,,,,,,
BGC0000099,T1PKS,PKSI,Polyketide,monascorubrin,,HM070047.1,Unknown,Talaromyces marneffei,37727,pubmed:25335861,,,,,,,,
BGC0000100,T1PKS,PKSI,Polyketide,monensin,antibacterial;antiparasidal;antiprotozoal;ionophore,AF440781.1,Unknown,Streptomyces cinnamonensis,1961,pubmed:12940979,,,,,,,,
BGC0000102,T1PKS,PKSI,Polyketide,mycinamicin II,antibacterial,AB089954.2,Unknown,Micromonospora griseorubida,28040,pubmed:12583909,,,,,,,,
BGC0000103,T1PKS,PKSI,Polyketide,mycolactone B,cytotoxic;immunosuppressive,BX649209.1,Unknown,Mycobacterium ulcerans Agy99,362242,pubmed:14736915,,,,,,,,
BGC0000104,T1PKS,PKSI,Polyketide;Terpene,mycophenolic acid,inhibitor,HQ731031.1,complete,Penicillium brevicompactum,5074,pubmed:21398490;pubmed:4472552,Knock-out studies,,,,,,,
BGC0000105,T1PKS,PKSI,Polyketide,nanchangmycin,anthelmintic;antibacterial;antiviral;insecticidal,AF521085.1,Unknown,Streptomyces nanchangensis,204925,pubmed:12770825,,,,,,,,
BGC0000107,T1PKS,PKSI,Polyketide,naphthopyrone,,BN001302.1,Unknown,Aspergillus nidulans FGSC A4,227321,pubmed:1465094,,,,,,,,
BGC0000109,T1PKS,PKSI,Polyketide,LL-F28249α,anthelmintic,AB363939.1,Unknown,Streptomyces cyaneogriseus subsp. noncyanogenus,477245,patent:US7670827B2,,,,,,,,
BGC0000110,T1PKS,PKSI,Polyketide,spectinabilin;orinocin;SNF4435C;SNF4435D,anthelmintic;antiprotozoal;antiviral;immunosuppressive,AM778535.1,complete,Streptomyces orinoci,67339,pubmed:17763486;pubmed:19651421;pubmed:24402879;pubmed:11897600;pubmed:5593974;pubmed:11560371;pubmed:20094652;pubmed:23968564,Heterologous expression,,,,,,,
BGC0000111,T1PKS,PKSI,Polyketide,neocarzilin A;neocarzilin B,cytotoxic,AB097904.1,Unknown,Streptomyces carzinostaticus,1897,pubmed:15328113,,,,,,,,
BGC0000113,T1PKS,PKSI,Polyketide,niddamycin,antibacterial,AF016585.1,Unknown,Streptomyces caelestis,36816,pubmed:9393718,,,,,,,,
BGC0000114,T1PKS,PKSI,Polyketide,nigericin,antibacterial;antifungal;antimalarial;cytotoxic;ionophore,DQ354110.1,complete,Streptomyces violaceusniger,68280,pubmed:17584617,Gene expression correlated with compound production,,,,,,,
BGC0000115,T1PKS,PKSI,Polyketide;Saccharide,nystatin A1,antifungal,AF263912.1,complete,Streptomyces noursei ATCC 11455,316284,pubmed:10873841,Knock-out studies,,,,,,,
BGC0000116,T1PKS,PKSI,Polyketide,nystatin-like Pseudonocardia polyene,antifungal,EU108007.1,Unknown,Pseudonocardia autotrophica,2074,pubmed:19697072,,,,,,,,
BGC0000117,T1PKS,PKSI,Polyketide,oligomycin,antifungal;cytotoxic,AB070940.1,Unknown,Streptomyces avermitilis,33903,pubmed:11572948,,,,,,,,
BGC0000120,T1PKS,PKSI,Polyketide,patulin,cytotoxic,KF899892.1,complete,Penicillium expansum,27334,pubmed:25120234;pubmed:26582186;pubmed:27913847;pubmed:24334092;pubmed:19383676,Knock-out studies;Heterologous expression;Gene expression correlated with compound production,,,,,,,
BGC0000121,T1PKS,PKSI,Polyketide,RES-1214-2,,KC145148.1,Unknown,Pestalotiopsis fici,393283,pubmed:24302702,,,,,,,,
BGC0000123,T1PKS,PKSI,Polyketide,phoslactomycin B,antifungal;cytotoxic,AY354515.1,Unknown,Streptomyces sp. HK803,244967,pubmed:12819191,,,,,,,,
BGC0000124,T1PKS,PKSI,Polyketide,piericidin A1,antibacterial;antifungal;antiviral;cytotoxic;insecticidal,HQ840721.1,Unknown,Streptomyces piomogenus,285508,pubmed:22365607,,,,,,,,
BGC0000126,T1PKS,PKSI,Polyketide,pladienolide B,cytotoxic,AB435553.1,Unknown,Streptomyces platensis,58346,pubmed:18997414,,,,,,,,
BGC0000127,T1PKS,PKSI,Polyketide,pyoluteorin,antifungal,AF081920.3,Unknown,Pseudomonas protegens Pf-5,220664,pubmed:9434161;pubmed:10094695;pubmed:16269724,,,,,,,,
BGC0000128,T1PKS,PKSI,Polyketide,pyoluteorin,,AY394844.4,Unknown,Pseudomonas sp. M18,228095,pubmed:15033239;pubmed:16581203,,,,,,,,
BGC0000129,T1PKS,PKSI,Polyketide,pyripyropene A,,CM000174.1,Unknown,Aspergillus fumigatus Af293,330879,pubmed:20861902,,,,,,,,
BGC0000130,T1PKS,PKSI,Polyketide,pyrrolomycin A;pyrrolomycin B;pyrrolomycin C;pyrrolomycin D,antibacterial;antifungal,EF140901.1,Unknown,Streptomyces vitaminophilus,76728,pubmed:17158935,,,,,,,,
BGC0000132,T1PKS,PKSI,Polyketide,pyrrolomycin,,EF140903.1,Unknown,Streptomyces sp. UC 11065,428401,pubmed:17158935,,,,,,,,
BGC0000133,T1PKS,PKSI,Polyketide,quartromicin A1,antiviral,JF970188.1,Unknown,Amycolatopsis orientalis,31958,pubmed:23102224,,,,,,,,
BGC0000134,T1PKS,PKSI,Polyketide,radicicol,,EU520419.1,Unknown,Pochonia chlamydosporia,280754,pubmed:18567690,,,,,,,,
BGC0000135,T1PKS,PKSI,Polyketide,reveromycin A,antifungal;antiviral,AB568601.1,Unknown,Streptomyces sp. SN-593,659352,pubmed:21642985,,,,,,,,
BGC0000140,T1PKS,PKSI,Polyketide,4-hexadecanoyl-3-hydroxy-2-(hydroxymethyl)-2H-furan-5-one,cytotoxic,GQ332353.1,Unknown,Streptomyces sp. 88-682,697274,pubmed:20081823,,,,,,,,
BGC0000143,T1PKS,PKSI,Polyketide,salinomycin,antibacterial;antifungal;antiprotozoal;cytotoxic,DQ630728.1,Unknown,Streptomyces albus,1888,pubmed:18062184,,,,,,,,
BGC0000146,T1PKS,PKSI,Polyketide,solanapyrone D,,AB514562.1,Unknown,Alternaria solani,48100,pubmed:20486243;pubmed:26342019;pubmed:25372118,,,,,,,,
BGC0000147,T1PKS,PKSI,Polyketide,soraphen A,antifungal,U24241.2,complete,Sorangium cellulosum,56,pubmed:12039053,Heterologous expression,,,,,,,
BGC0000148,T1PKS,PKSI,Polyketide,A83543A,,AY007564.1,Unknown,Saccharopolyspora spinosa,60894,pubmed:11358695,,,,,,,,
BGC0000149,T1PKS,PKSI,Polyketide,spirangien O,antifungal;cytotoxic,AM407731.1,complete,Sorangium cellulosum,56,pubmed:17317575,Knock-out studies,,,,,,,
BGC0000151,T1PKS,PKSI,Polyketide;Saccharide,stambomycin A;stambomycin B;stambomycin C;stambomycin D,antibacterial;antiproliferative;cytotoxic,AM238664.2,complete,Streptomyces ambofaciens ATCC 23877,278992,pubmed:21444795;pubmed:24220109,Knock-out studies;Gene expression correlated with compound production,,,,,,,
BGC0000152,T1PKS,PKSI,Polyketide,sterigmatocystin,,U34740.1,Unknown,Aspergillus nidulans,162425,pubmed:8643646;pubmed:7486998,,,,,,,,
BGC0000153,T1PKS,PKSI,NRP;Polyketide,stigmatellin,antifungal,AJ421825.1,complete,Stigmatella aurantiaca Sg a15,675526,pubmed:10320771,Knock-out studies,,,,,,,
BGC0000154,T1PKS,PKSI,Polyketide,stipitatic acid,antiplasmodial,EQ962655.1,complete,Talaromyces stipitatus ATCC 10500,441959,pubmed:22508998;pubmed:23870699;pubmed:24863423,Knock-out studies,,,,,,,
BGC0000156,T1PKS,PKSI,Polyketide,"TAN-1612;1-(2,3,5,10-tetrahydroxy-7-methoxy-4-oxo-1,2,3,4-tetrahydroanthracen-2-yl)pentane-2,4-dione;desmethyl TAN-1612",inhibitor,JN257714.1,complete,Aspergillus niger,5061,pubmed:21866960;pubmed:7490206;pubmed:7490207,Heterologous expression;Gene expression correlated with compound production,,,,,,,
BGC0000157,T1PKS,PKSI,Polyketide,tautomycetin,antifungal;cytotoxic,DQ983361.1,Unknown,Streptomyces sp. CK4412,404220,pubmed:17379718,,,,,,,,
BGC0000158,T1PKS,PKSI,Polyketide,tautomycetin,antifungal;cytotoxic;inhibitor,EU035755.1,complete,Streptomyces griseochromogenes,68214,pubmed:19191560;pubmed:20426415;pubmed:21276943;pubmed:22339318,Knock-out studies,,,,,,,
BGC0000159,T1PKS,PKSI,Polyketide,tautomycin,antibacterial;antifungal;cytotoxic;inhibitor,EF990140.1,complete,Streptomyces spiroverticillatus,67366,pubmed:16707708;pubmed:18708355;pubmed:19281218,Knock-out studies,,,,,,,
BGC0000160,T1PKS,PKSI,Polyketide,terreic acid,,CH476602.1,Unknown,Aspergillus terreus NIH2624,341663,pubmed:25265334;pubmed:29391515;pubmed:9003280,,,,,,,,
BGC0000161,T1PKS,PKSI,Polyketide,isoterrein,,CH476594.1,complete,Aspergillus terreus NIH2624,341663,pubmed:24816227;pubmed:33661567,Knock-out studies;Heterologous expression;Gene expression correlated with compound production,,,,,,,
BGC0000162,T1PKS,PKSI,Polyketide,tetrocarcin A,antibacterial;cytotoxic,EU443633.1,Unknown,Micromonospora chalcea,1874,pubmed:18586939,,,,,,,,
BGC0000163,T1PKS,PKSI,Polyketide,tetronasin,antibacterial;antifungal,FJ462704.1,Unknown,Streptomyces longisporoflavus,28044,pubmed:8449312,,,,,,,,
BGC0000164,T1PKS,PKSI,Polyketide,tetronomycin,antibacterial;antifungal,AB193609.1,Unknown,Streptomyces sp. NRRL 11266,299254,pubmed:18404760,,,,,,,,
BGC0000166,T1PKS,PKSI,Polyketide,tylactone,antibacterial,U78289.1,Unknown,Streptomyces fradiae,1906,pubmed:18693734,,,,,,,,
BGC0000167,T1PKS,PKSI,Polyketide,vicenistatin,cytotoxic,AB086653.1,Unknown,Streptomyces halstedii,1944,pubmed:15112997,,,,,,,,
BGC0000170,T1PKS,PKSI,Polyketide,yanuthone D,,ACJE01000012.1,Unknown,Aspergillus niger ATCC 1015,380704,pubmed:24684908,,,,,,,,
BGC0000176,transAT-PKS,PKSother,Polyketide,difficidin,antibacterial,AJ634062.2,complete,Bacillus velezensis FZB42,326423,pubmed:16707694,Knock-out studies,3384,3384,3384,,36,known_family,difficidin
BGC0000181,transAT-PKS,PKSother,Polyketide,macrolactin H,antibacterial;antifungal;cytotoxic,AJ634061.2,complete,Bacillus velezensis FZB42,326423,pubmed:16707694;pubmed:17704766;pubmed:17844999,Knock-out studies,2748,2748,2748,,33,known_family,macrolactin H;macrolactin B;macrolactin 1c;macrolactin E;macrolactin H
BGC0000277,oligosaccharide,Saccharides,Polyketide,urdamycin,antibacterial;cytotoxic,AF164961.1,Unknown,Streptomyces fradiae,1906,pubmed:10658661,,,,,,,,
BGC0000310,NRPS,NRPS,NRP,bacitracin,antibacterial,AF007865.2,Unknown,Bacillus licheniformis,1402,pubmed:9427658,,290,290,290,,115,known_family,bacitracin
BGC0000367,NRPS,NRPS,NRP,gramicidin,antibacterial,AP008955.1,Unknown,Brevibacillus brevis NBRC 100599,358681,pubmed:23144389,,342,342,342,,120,known_family,gramicidin
BGC0000377,NRPS-like.NRPS,NRPS,NRP,koranimine,,JF828091.1,Unknown,Bacillus sp. NK2003,1010692,pubmed:21520944,,351,351,351,,19,known_family,koranimine
BGC0000381,NRPS,NRPS,NRP,lichenysin,antibacterial;cytotoxic,AE017333.1,Unknown,Bacillus licheniformis DSM 13 = ATCC 14580,279010,pubmed:15383718,,355,3655,3655,,59,known_family,lichenysin
BGC0000408,NRPS,NRPS,NRP,polymyxin,antibacterial;surfactant,EU371992.1,Unknown,Paenibacillus polymyxa,1406,pubmed:19304848,,380,380,380,,43,known_family,polymyxin B;macolacin;polymyxin;colistin A;colistin B
BGC0000433,NRPS,NRPS,NRP,surfactin,antibacterial;surfactant,AJ575642.1,complete,Bacillus velezensis FZB42,326423,pubmed:14762003,Knock-out studies,3545,3545,3545,,11,known_family,surfactin
BGC0000449,NRPS,NRPS,NRP,tridecaptin,antibacterial,KF111342.1,Unknown,Paenibacillus terrae,159743,pubmed:24382692,,2511,2510,2511,,61,known_family,tridecaptin;tridecaptin M
BGC0000467,T1PKS,PKSI,NRP,yersiniabactin,siderophore,Y12527.1,Unknown,Yersinia enterocolitica,630,pubmed:9457855,,,,,,,,
BGC0000502,lanthipeptide-class-ii,RiPPs,RiPP,cerecidin;cerecidin A1;cerecidin A2;cerecidin A3;cerecidin A4;cerecidin A5;cerecidin A6;cerecidin A7,antibacterial,KJ000001.1,Unknown,Bacillus cereus,1396,pubmed:24532070,,466,466,466,2582,97,known_family,cerecidin;cerecidin A1;cerecidin A2;cerecidin A3;cerecidin A4;cerecidin A5;cerecidin A6;cerecidin A7
BGC0000504,lanthipeptide-class-ii,RiPPs,RiPP,cytolysin ClyLl;cytolysin ClyLs,antibacterial;cytotoxic,L37110.1,Unknown,Plasmid pAD1,2520,pubmed:7961506,,3031,468,3060,2582,58,known_family,cytolysin ClyLl;cytolysin ClyLs
BGC0000506,lanthipeptide-class-i,RiPPs,RiPP,entianin,antibacterial;signalling,HQ871873.1,complete,Bacillus subtilis subsp. spizizenii,96241,pubmed:21239550;pubmed:25381239,Knock-out studies;Enzymatic assays;Heterologous expression;Gene expression correlated with compound production,2558,2558,2558,2582,41,known_family,entianin;subtilin;ericin S
BGC0000511,lanthipeptide-class-i,RiPPs,RiPP,ericin S,antibacterial;signalling,AF233755.1,complete,Bacillus subtilis,1423,pubmed:11872722;pubmed:25381239,Heterologous expression;Gene expression correlated with compound production,2558,2558,2558,2582,41,known_family,entianin;subtilin;ericin S
BGC0000558,glycocin,RiPPs,RiPP,sublancin 168,antibacterial,AF014938.1,Unknown,Bacillus subtilis subsp. subtilis str. 168,224308,pubmed:9722542,,519,519,519,2582,77,known_family,sublancin 168
BGC0000559,lanthipeptide-class-i,RiPPs,RiPP,subtilin,antibacterial;signalling,U09819.1,complete,Bacillus subtilis subsp. spizizenii ATCC 6633,703612,pubmed:195183;pubmed:178855;pubmed:201261;pubmed:201725;pubmed:202094;pubmed:11972779;pubmed:12622817;pubmed:12705882;pubmed:25381239;pubmed:8439156;pubmed:1539969;pubmed:8085823,Knock-out studies;Enzymatic assays;Heterologous expression;Gene expression correlated with compound production,2558,2558,2558,2582,41,known_family,entianin;subtilin;ericin S
BGC0000560,lanthipeptide-class-i,RiPPs,RiPP,subtilomycin,antibacterial;antifungal,JX912247.1,complete,Bacillus subtilis,1423,pubmed:23736764;pubmed:21985154,,3305,521,3305,2582,47,known_family,sporulation killing factor;subtilomycin
BGC0000569,LAP,RiPPs,RiPP,plantazolicin,antibacterial,FN668567.1,complete,Bacillus velezensis FZB42,326423,pubmed:20971906;pubmed:21950656;pubmed:21568297;pubmed:23823732;pubmed:23878226;pubmed:24085393,Knock-out studies;Enzymatic assays;Heterologous expression;Gene expression correlated with compound production,3487,3119,3487,2582,40,known_family,plantazolicin;plantazolicin
BGC0000600,sactipeptide,RiPPs,RiPP,thurincin H,,FJ977580.1,Unknown,Bacillus thuringiensis,1428,pubmed:19732155,,561,561,561,2582,93,known_family,thurincin H
BGC0000601,ranthipeptide.sactipeptide,RiPPs,RiPP,sporulation killing factor,antibacterial,AL009126.3,complete,Bacillus subtilis subsp. subtilis str. 168,224308,pubmed:20805502;pubmed:12817086,Knock-out studies,562,3271,562,2582,47,known_family,sporulation killing factor;subtilomycin
BGC0000602,sactipeptide,RiPPs,RiPP,subtilosin A,antibacterial,AJ430547.1,Unknown,Bacillus subtilis subsp. spizizenii ATCC 6633,703612,pubmed:15066831,,3316,3316,3316,3316,18,known_family,subtilosin A
BGC0000626,lanthipeptide-class-ii,RiPPs,RiPP,thuricin,,KJ504104.1,Unknown,Bacillus thuringiensis,1428,pubmed:24821187,,2874,2874,2874,2582,108,known_family,thuricin
BGC0000682,T1PKS,PKSI,Terpene,terretonin,,CH476609.1,Unknown,Aspergillus terreus NIH2624,341663,pubmed:23116177;pubmed:25671343;pubmed:22782788,,,,,,,,
BGC0000684,T1PKS,PKSI,Polyketide,asperthecin,,BN001301.1,Unknown,Aspergillus nidulans FGSC A4,227321,pubmed:18978088,,,,,,,,
BGC0000689,amglyccycl,Saccharides,Saccharide,2-deoxystreptamine,,AJ575934.3,Unknown,Micromonospora echinospora,1877,pubmed:14757238,,,,,,,,
BGC0000690,amglyccycl,Saccharides,Saccharide,hydroxystreptomycin,antibacterial,AJ006985.1,Unknown,Streptomyces glaucescens,1907,pubmed:8628239,,,,,,,,
BGC0000691,amglyccycl,Saccharides,Saccharide,acarbose,inhibitor,Y18523.4,Unknown,Actinoplanes sp. SE50/110,134676,pubmed:10196166;pubmed:11443082;pubmed:11937512;pubmed:12681481;pubmed:15808935,,,,,,,,
BGC0000692,amglyccycl,Saccharides,Saccharide,apramycin,antibacterial,AJ875019.1,Unknown,Streptoalloteichus hindustanus,2017,doi:10.1002/9780470149676.ch2,,,,,,,,
BGC0000693,amglyccycl,Saccharides,Saccharide,butirosin A;butirosin B,antibacterial,AB097196.1,Unknown,Bacillus circulans,1397,pubmed:11132962;pubmed:16156513,,,,,,,,
BGC0000694,amglyccycl,Saccharides,Saccharide,butirosin,,AJ781030.2,Unknown,Bacillus circulans,1397,pubmed:16156513,,,,,,,,
BGC0000696,amglyccycl,Saccharides,Saccharide,gentamicin,antibacterial,AJ628149.4,Unknown,Micromonospora echinospora,1877,pubmed:15376556;pubmed:19362651,,,,,,,,
BGC0000699,amglyccycl,Saccharides,Saccharide,hygromycin A,antibacterial,AJ628642.1,Unknown,Streptomyces hygroscopicus subsp. hygroscopicus,68042,pubmed:19362651;doi:10.1021/ja01544a032;doi:10.1002/9780470149676.ch2,,,,,,,,
BGC0000701,amglyccycl,Saccharides,Saccharide,jinggangmycin,antibacterial;antifungal,DQ160226.1,Unknown,Streptomyces hygroscopicus subsp. yingchengensis,228732,pubmed:16680521,,,,,,,,
BGC0000702,amglyccycl,Saccharides,Saccharide,kanamycin,antibacterial,AB164642.1,Unknown,Streptomyces kanamyceticus,1967,pubmed:15303497,,,,,,,,
BGC0000703,amglyccycl,Saccharides,Saccharide,kanamycin,,CP023699.1,Unknown,Streptomyces kanamyceticus,1967,pubmed:16766657;pubmed:28753625,,,,,,,,
BGC0000704,amglyccycl,Saccharides,Saccharide,kanamycin,,AJ582817.3,Unknown,Streptomyces kanamyceticus,1967,pubmed:15313224,,,,,,,,
BGC0000705,amglyccycl,Saccharides,Saccharide,kanamycin,,AJ628422.2,Unknown,Streptomyces kanamyceticus,1967,pubmed:19362651;doi:10.1002/9780470149676.ch2,,,,,,,,
BGC0000708,amglyccycl,Saccharides,Saccharide,lividomycin,antibacterial,AJ748832.1,Unknown,Streptomyces lividus,282216,pubmed:19362651;doi:10.1002/9780470149676.ch2,,,,,,,,
BGC0000709,amglyccycl,Saccharides,Saccharide,neomycin,antibacterial,AJ629247.1,Unknown,Streptomyces fradiae ATCC 10745 = DSM 40063,1319510,pubmed:19362651;doi:10.1002/9780470149676.ch2,,,,,,,,
BGC0000711,amglyccycl,Saccharides,Saccharide,neomycin,antibacterial,AJ843080.1,Unknown,Streptomyces fradiae,1906,pubmed:15827636,,,,,,,,
BGC0000713,amglyccycl,Saccharides,Saccharide,ribostamycin,antibacterial,AJ748131.1,Unknown,Streptomyces ribosidificus,80859,pubmed:16258246,,,,,,,,
BGC0000714,amglyccycl,Saccharides,Saccharide,sisomicin,antibacterial,FJ160413.1,Unknown,Micromonospora inyonensis,47866,pubmed:19039528,,,,,,,,
BGC0000715,amglyccycl,Saccharides,Saccharide,actinospectacin,antibacterial,EU255259.1,Unknown,Streptomyces spectabilis,68270,pubmed:10650224;pubmed:18663525,,,,,,,,
BGC0000716,amglyccycl,Saccharides,Saccharide,spectinomycin,antibacterial,U70376.2,Unknown,Streptomyces netropsis,55404,pubmed:9245803,,,,,,,,
BGC0000719,amglyccycl,Saccharides,Saccharide,tobramycin,antibacterial,AB103327.1,Unknown,Streptoalloteichus hindustanus,2017,pubmed:16915821,,,,,,,,
BGC0000720,amglyccycl,Saccharides,Saccharide,tobramycin,,AJ579650.1,Unknown,Streptoalloteichus tenebrarius,1933,pubmed:14757238,,,,,,,,
BGC0000721,amglyccycl,Saccharides,Saccharide,tobramycin,,AJ810851.1,Unknown,Streptoalloteichus tenebrarius,1933,pubmed:19362651;doi:10.1002/9780470149676.ch2,,,,,,,,
BGC0000722,amglyccycl,Saccharides,Other;Saccharide,validamycin A,antibacterial;antifungal,DQ164098.1,complete,Streptomyces hygroscopicus subsp. jinggangensis,311982,pubmed:16632251;pubmed:16151088;pubmed:17335096;pubmed:18563934;pubmed:19477421,Knock-out studies;Enzymatic assays;Heterologous expression;Gene expression correlated with compound production,,,,,,,
BGC0000723,amglyccycl,Saccharides,Other;Saccharide,validamycin A,antifungal,DQ223652.1,Unknown,Streptomyces hygroscopicus subsp. limoneus,264445,pubmed:16725283,,,,,,,,
BGC0000724,amglyccycl,Saccharides,Saccharide,streptomycin,antibacterial,AP009493.1,Unknown,Streptomyces griseus subsp. griseus NBRC 13350,455632,pubmed:18375553;pubmed:18364359;pubmed:18310036,,,,,,,,
BGC0000888,other,Others,Other,bacilysin,antibacterial;antifungal,GQ889493.1,Unknown,Bacillus sp. CS93,679622,pubmed:20070370,,1105,1105,1105,3317,10,known_family,bacilysin;bacilysin
BGC0000942,siderophore,Others,Other,petrobactin,siderophore,AE016879.1,complete,Bacillus anthracis str. Ames,198094,pubmed:14756782;pubmed:3346087;pubmed:1855748,Enzymatic assays,2934,2934,2934,3322,7,known_family,petrobactin
BGC0001002,T1PKS,PKSI,NRP;Polyketide,jawsamycin,antifungal,AB920328.1,Unknown,Streptomyces roseoverticillatus,66429,pubmed:24756819,,,,,,,,
BGC0001060,T1PKS,PKSI,Polyketide,dynemicin A,antibacterial;cytotoxic,EF552206.1,Unknown,Micromonospora chersina,47854,pubmed:18328078,,,,,,,,
BGC0001065,T1PKS,PKSI,Polyketide,herboxidiene,antibacterial;cytotoxic;herbicidal,JN671974.1,Unknown,Streptomyces chromofuscus,42881,pubmed:22247174,,,,,,,,
BGC0001067,T1PKS,PKSI,Polyketide;Terpene,fumagillin;β-trans-bergamotene;fumagillol,inhibitor,CM000176.1,complete,Aspergillus fumigatus Af293,330879,pubmed:23488861;pubmed:24116213;pubmed:24568283;pubmed:31861936;pubmed:9177176,Knock-out studies;Enzymatic assays;Heterologous expression,,,,,,,
BGC0001068,T1PKS,PKSI,Terpene;Polyketide,pyripyropene A,,FW556769.1,Unknown,unidentified unclassified sequences.,12908,pubmed:21224862,,,,,,,,
BGC0001089,transAT-PKS.T3PKS.NRPS,PKS-NRP_Hybrids,Polyketide;NRP,bacillaene,antibacterial,AJ634060.2,complete,Bacillus velezensis FZB42,326423,pubmed:16707694;pubmed:17704766;pubmed:17886826;pubmed:20087918,Knock-out studies,1023,1023,1023,1023,12,known_family,bacillaene
BGC0001095,betalactone.NRPS,Others,NRP,fengycin,antifungal;surfactant,CP000560.1,complete,Bacillus velezensis FZB42,326423,pubmed:14762003;pubmed:17704766,Knock-out studies,3539,2750,3539,794,1,known_family,fengycin
BGC0001118,T1PKS,PKSI,Polyketide,endocrocin,immunosuppressive;inhibits neutrophil recruitment,CM000172.1,complete,Aspergillus fumigatus Af293,330879,pubmed:22492455;pubmed:23592999,Knock-out studies;Gene expression correlated with compound production,,,,,,,
BGC0001124,T1PKS,PKSI,Polyketide,pyranonigrin E,,ACJE01000019.1,Unknown,Aspergillus niger ATCC 1015,380704,pubmed:21543515,,,,,,,,
BGC0001141,T1PKS,PKSI,Polyketide,4-epi-15-epi-brefeldin A,,KJ728786.1,complete,Penicillium brefeldianum,1131482,pubmed:24845309;pubmed:2426273;pubmed:3192548,Knock-out studies,,,,,,,
BGC0001143,T1PKS,PKSI,Polyketide,azanigerone A;azanigerone B;azanigerone C;azanigerone D;azanigerone E;azanigerone F,,ACJE01000001.1,Unknown,Aspergillus niger ATCC 1015,380704,pubmed:22921072,,,,,,,,
BGC0001152,NRPS,NRPS,NRP;Polyketide,fusaricidin B,antifungal;surfactant,EF451155.3,complete,Paenibacillus polymyxa,1406,pubmed:17400768;pubmed:18291316,Knock-out studies,1077,1077,1077,,114,known_family,fusaricidin B
BGC0001153,NRPS,NRPS,NRP,polymyxin B,antibacterial;surfactant,JN660148.1,Unknown,Paenibacillus polymyxa,1406,pubmed:22195566,Knock-out studies,380,380,380,,43,known_family,polymyxin B;macolacin;polymyxin;colistin A;colistin B
BGC0001159,T1PKS,PKSI,NRP;Polyketide,marinopyrrole A;marinopyrrole E;marinopyrrole D;marinopyrrole C;marinopyrrole B,antibacterial,JX157625.1,complete,Streptomyces sp. CNQ-418,467194,pubmed:22800473;doi:10.1021/jo1002054;doi:10.1128/aac.01211-10,Knock-out studies;Heterologous expression,,,,,,,
BGC0001169,T1PKS,PKSI,Polyketide,piericidin A1,antibacterial;cytotoxic;inhibitor,KF874660.1,complete,Streptomyces sp. SCSIO 03032,2878388,pubmed:24409990,Knock-out studies;Enzymatic assays,,,,,,,
BGC0001172,T1PKS,PKSI,NRP;Polyketide,chlorizidine A,cytotoxic,KF585133.1,complete,Streptomyces sp. CNH-287,1288082,pubmed:24246014;pubmed:23405849,Knock-out studies;Enzymatic assays;Heterologous expression,,,,,,,
BGC0001173,LAP.RRE-containing,RiPPs,RiPP,plantazolicin,antibacterial,ABRX01000001.1,complete,Bacillus pumilus ATCC 7061,536229,pubmed:21950656;pubmed:23878226;pubmed:24085393,Enzymatic assays;Gene expression correlated with compound production,3487,2528,3487,2582,40,known_family,plantazolicin;plantazolicin
BGC0001184,other,Others,Other,bacilysin,antibacterial,CP000560.1,complete,Bacillus velezensis FZB42,326423,pubmed:19061923;pubmed:25261512;pubmed:26268540,Knock-out studies;Gene expression correlated with compound production,1105,1105,1105,3317,10,known_family,bacilysin;bacilysin
BGC0001192,NRPS,NRPS,NRP,colistin A;colistin B,antibacterial,KP262070.1,Unknown,Paenibacillus alvei,44250,pubmed:25609230,,380,380,380,,43,known_family,polymyxin B;macolacin;polymyxin;colistin A;colistin B
BGC0001194,T1PKS,PKSI,Polyketide,hitachimycin,antibacterial;antifungal;cytotoxic,LC008143.1,Unknown,Streptomyces scabrisporus,159449,pubmed:25786909,,,,,,,,
BGC0001199,T1PKS,PKSI,Polyketide,akaeolide,antibacterial;cytotoxic,BBOM01000011.1,Unknown,Streptomyces sp. NBRC 109706,1550035,pubmed:25603349,,,,,,,,
BGC0001200,T1PKS,PKSI,Polyketide,lorneic acid A,,BBOM01000004.1,Unknown,Streptomyces sp. NBRC 109706,1550035,pubmed:25603349,,,,,,,,
BGC0001204,T1PKS,PKSI,Polyketide,versipelostatin,cytotoxic,LC006086.1,Unknown,Streptomyces versipellis,67375,pubmed:25551461,,,,,,,,
BGC0001242,T1PKS,PKSI,Polyketide,oxyjavanicin,,HE613440.1,Unknown,Fusarium fujikuroi,5127,pubmed:22492438,,,,,,,,
BGC0001244,T1PKS,PKSI,Polyketide,(-)-Mellein,,KM365454.1,Unknown,Parastagonospora nodorum,13684,pubmed:25326302,,,,,,,,
BGC0001245,T1PKS,PKSI,Polyketide,lasiodiplodin,,KJ434938.1,Unknown,Lasiodiplodia theobromae,45133,pubmed:24597618,,,,,,,,
BGC0001246,T1PKS,PKSI,Polyketide,trans-resorcylide,,KJ434939.1,Unknown,Sarocladium zeae,1036732,pubmed:24597618,,,,,,,,
BGC0001252,T1PKS,PKSI,Polyketide,UNII-YC2Q1O94PT,,AB725683.1,Unknown,Alternaria alternata,5599,pubmed:22835272,,,,,,,,
BGC0001254,T1PKS,PKSI,Polyketide,ACT-Toxin II,,AB516321.1,Unknown,Alternaria alternata,5599,pubmed:20192828,,,,,,,,
BGC0001257,T1PKS,PKSI,Polyketide,"1,3,6,8-tetrahydroxynaphthalene",,AF151533.1,Unknown,Nodulisporium sp. ATCC74245,96454,pubmed:10628853,,,,,,,,
BGC0001258,T1PKS,PKSI,Polyketide,"1,3,6,8-tetrahydroxynaphthalene",,AF549411.1,Unknown,Glarea lozoyensis,101852,pubmed:12589439,,,,,,,,
BGC0001264,T1PKS,PKSI,Polyketide,betaenone A;betaenone B;betaenone C,,LC011911.1,Unknown,Phoma betae,1979465,pubmed:25530455,,,,,,,,
BGC0001266,T1PKS,PKSI,Polyketide,grayanic acid,,GU930713.1,Unknown,Cladonia grayi,27339,pubmed:21289108,,,,,,,,
BGC0001273,T1PKS,PKSI,Polyketide,asperlactone,,AY540947.1,Unknown,Aspergillus ochraceus,40380,pubmed:19589392,,,,,,,,
BGC0001275,T1PKS,PKSI,Polyketide,6-methylsalicyclic acid,,AY941322.1,Unknown,Glarea lozoyensis,101852,pubmed:15800788,,,,,,,,
BGC0001276,T1PKS,PKSI,Polyketide,6-methylsalicyclic acid,,D85860.2,Unknown,Aspergillus terreus,33178,pubmed:9003280,,,,,,,,
BGC0001281,T1PKS,PKSI,Polyketide,ustilagic acid,,NC_026500.1,Unknown,Ustilago maydis 521,237631,pubmed:21926207;pubmed:20173069;pubmed:17850255;pubmed:15932999,,,,,,,,
BGC0001284,T1PKS,PKSI,Polyketide,alternariol,,KP941080.1,Unknown,Parastagonospora nodorum SN15,321614,pubmed:26025896,,,,,,,,
BGC0001293,T1PKS,PKSI,Polyketide,cyclizidine,cytotoxic,KT327068.1,Unknown,Streptomyces sp. NCIB 11649,1756463,pubmed:26473429,,,,,,,,
BGC0001296,T1PKS,PKSI,Polyketide,streptazone E,,LC061217.1,Unknown,Streptomyces sp. MSC090213JE08,1670457,pubmed:26403163,,,,,,,,
BGC0001298,T1PKS,PKSI,Polyketide,4-Z-annimycin,,KF683117.1,Unknown,Streptomyces calvus,67282,pubmed:24120331,,,,,,,,
BGC0001303,T1PKS,PKSI,Polyketide,lobosamide A;lobosamide B;lobosamide C,antiprotozoal,KT209587.1,Unknown,Micromonospora sp. RL09-050-HVF-A,1703433,pubmed:26270237,,,,,,,,
BGC0001304,T1PKS,PKSI,Polyketide,aflavarin,,EQ963475.1,Unknown,Aspergillus flavus NRRL3357,332952,pubmed:26209694,,,,,,,,
BGC0001305,T1PKS,PKSI,Polyketide,fujikurin A;fujikurin B;fujikurin C;fujikurin D,,HF679030.1,Unknown,Fusarium fujikuroi IMI 58289,1279085,pubmed:26192387,,,,,,,,
BGC0001338,T1PKS,PKSI,Polyketide,citrinin,cytotoxic,KT781075.1,complete,Monascus ruber,89489,doi:10.1039/c5sc04027b,Knock-out studies;Heterologous expression;Gene expression correlated with compound production,,,,,,,
BGC0001340,T1PKS,PKSI,Polyketide,byssochlamic acid,,KU928136.1,complete,Byssochlamys fulva,89137,pubmed:27099957;pubmed:26452099,Knock-out studies;Heterologous expression;Gene expression correlated with compound production,,,,,,,
BGC0001348,T1PKS,PKSI,Polyketide,JBIR-100,antibacterial;antifungal;cytotoxic;inhibitor,NZ_JOBF01000033.1,complete,Streptomyces varsoviensis,67373,pubmed:27234886;pubmed:20808316,,,,,,,,
BGC0001349,T1PKS,PKSI,NRP;Polyketide,heronamide A;heronamide B;heronamide C;heronamide D;heronamide E;heronamide F,antifungal,KP742963.1,Unknown,Streptomyces sp. SCSIO 03032,2878388,pubmed:26194087,,,,,,,,
BGC0001360,T1PKS,PKSI,Polyketide,mycophenolic acid,,HG792019.1,Unknown,Penicillium roqueforti FM164,1365484,pubmed:26751579,,,,,,,,
BGC0001377,T1PKS,PKSI,Polyketide,uncialamycin,antibacterial,KT762610.1,Unknown,Streptomyces uncialis,1048205,pubmed:25019332;pubmed:27999165,,,,,,,,
BGC0001378,T1PKS,PKSI,Polyketide,tiancimycin,cytotoxic,KT716443.1,Unknown,Streptomyces sp. CB03234,1703937,pubmed:25019332;pubmed:27999165,,,,,,,,
BGC0001383,transAT-PKS,PKSother,Polyketide,macrolactin H;macrolactin B;macrolactin 1c;macrolactin E,,KF815729.1,Unknown,Jeotgalibacillus marinus,86667,pubmed:27130432,,2748,2748,2748,,33,known_family,macrolactin H;macrolactin B;macrolactin 1c;macrolactin E;macrolactin H
BGC0001396,T1PKS,PKSI,Polyketide,aldgamycin J;aldgamycin K;aldgamycin P;aldgamycin E,antibacterial,KU568466.1,Unknown,Streptomyces sp. A1(2016),1846204,pubmed:27191535,,,,,,,,
BGC0001400,T1PKS,PKSI,Polyketide,citreoviridin,,CH476608.1,Unknown,Aspergillus terreus NIH2624,341663,pubmed:26954888,,,,,,,,
BGC0001403,T1PKS,PKSI,Polyketide,trypacidin,,CM000172.1,Unknown,Aspergillus fumigatus Af293,330879,pubmed:26242966;pubmed:26278536;pubmed:27611015,,,,,,,,
BGC0001404,T1PKS,PKSI,Polyketide,sorbicillin,,AM920436.1,Unknown,Penicillium rubens Wisconsin 54-1255,500485,pubmed:27107123,,,,,,,,
BGC0001405,T1PKS,PKSI,Polyketide,chaetoviridin E;11-epichaetomugilin A,,CH408033.1,Unknown,Chaetomium globosum CBS 148.51,306901,pubmed:23072467,,,,,,,,
BGC0001433,T1PKS,PKSI,Polyketide,argimycin PI;argimycin PII;nigrifactin;argimycin PIV;argimycin PV;argimycin PVI;argimycin PIX,antibacterial,LT615255.1,complete,Streptomyces argillaceus,41951,doi:10.3389/fmicb.2017.00194,Knock-out studies;Gene expression correlated with compound production,,,,,,,
BGC0001446,T1PKS,PKSI,Polyketide,asparasone A,insecticidal,EQ963472.1,complete,Aspergillus flavus NRRL3357,332952,pubmed:24412484;pubmed:24405210,Knock-out studies,,,,,,,
BGC0001447,T1PKS,PKSI,Polyketide,primycin,,AHBX01000216.1,Unknown,Saccharomonospora azurea SZMC 14600,1114959,pubmed:22328759;pubmed:28000508;doi:10.1177/1934578X19858210,,,,,,,,
BGC0001489,T1PKS,PKSI,Polyketide,6-hydroxymellein,,MG777496.1,Unknown,Cladonia uncialis subsp. uncialis,180999,pubmed:27264554,,,,,,,,
BGC0001492,T1PKS,PKSI,Polyketide,abyssomicin M;abyssomicin N;abyssomicin O;abyssomicin P;abyssomicin Q;abyssomicin R;abyssomicin S;abyssomicin T;abyssomicin U;abyssomicin V;abyssomicin W;abyssomicin X,antiviral,KY432814.1,Unknown,Streptomyces sp. LC-6-2,1676287,pubmed:28358212,,,,,,,,
BGC0001495,T1PKS,PKSI,Polyketide,actinoallolide A,,LC326402.1,Unknown,Actinoallomurus fulvus,478108,pubmed:29679043,,,,,,,,
BGC0001504,T1PKS,PKSI,Polyketide,amycomicin,,CP024894.1,Unknown,Amycolatopsis sp. AA4,1896961,doi:10.1073/pnas.1807613115,,,,,,,,
BGC0001508,T1PKS,PKSI,Polyketide,andrastin A,,KY349137.1,Unknown,Penicillium roqueforti,5082,pubmed:28529508,,,,,,,,
BGC0001523,T1PKS,PKSI,Polyketide,azalomycin F3a,antibacterial;antifungal,KY484834.1,Unknown,Streptomyces sp. 211726,686293,pubmed:28418225,,,,,,,,
BGC0001533,T1PKS,PKSI,Polyketide,borrelidin,antibacterial;antifungal;cytotoxic,KT362046.1,Unknown,Streptomyces rochei,1928,pubmed:27451447,,,,,,,,
BGC0001537,T1PKS,PKSI,Polyketide,butyrolactol A,antifungal,NZ_BBOK01000014.1,Unknown,Streptomyces sp. NBRC 110030,1550033,pubmed:26337155,,,,,,,,
BGC0001541,T1PKS,PKSI,Polyketide,cercosporin,,LKMD01000100.1,Unknown,Cercospora beticola,122368,pubmed:29844193,,,,,,,,
BGC0001542,T1PKS,PKSI,Polyketide,cercosporin,,KY656140.1,Unknown,Cercospora zeina,348901,pubmed:28535078,,,,,,,,
BGC0001578,T1PKS,PKSI,Polyketide,duclauxin,,EQ962653.1,Unknown,Talaromyces stipitatus ATCC 10500,441959,pubmed:29741874,,,,,,,,
BGC0001583,T1PKS,PKSI,Polyketide,emodin,,BK010419.1,Unknown,Escovopsis weberi,150374,pubmed:29880868,,,,,,,,
BGC0001597,T1PKS,PKSI,Polyketide,fluvirucin B2,,LC095592.1,Unknown,Actinomadura fulva subsp. indica,1752060,pubmed:26818633,,,,,,,,
BGC0001598,T1PKS,PKSI,NRP;Polyketide,foxicin A;foxicin B;foxicin C;foxicin,antibacterial,KT440882.1,Unknown,Streptomyces diastatochromogenes,42236,pubmed:28270798,,,,,,,,
BGC0001603,amglyccycl,Saccharides,Saccharide,gentamicin,,KY971520.1,Unknown,Micromonospora echinospora,1877,pubmed:25641167,,,,,,,,
BGC0001606,T1PKS,PKSI,Polyketide,gibepyrone-A,,HF679033.1,Unknown,Fusarium fujikuroi IMI 58289,1279085,pubmed:27856636,,,,,,,,
BGC0001648,T1PKS,PKSI,Polyketide,lasalocid,antiprotozoal,KT591188.1,Unknown,Streptomyces sp.,1931,pubmed:19129623;pubmed:19025863;pubmed:18710235,,,,,,,,
BGC0001649,T1PKS,PKSI,Polyketide,lavendiol,,LC330869.1,Unknown,Streptomyces lavendulae,1914,pubmed:29255990,,,,,,,,
BGC0001653,T1PKS,PKSI,Polyketide,linfuranone B;linfuranone C,,NZ_BCBX01000035.1,Unknown,Microbispora sp. GMKU363,718014,pubmed:29939741,,,,,,,,
BGC0001658,T1PKS,PKSI,Polyketide,macrotermycins,,LWSF01000005.1,Unknown,Amycolatopsis sp. M39,1825094,pubmed:28207275,,,,,,,,
BGC0001662,T1PKS,PKSI,Polyketide,mediomycin A,,MF139773.1,Unknown,Kitasatospora mediocidica,58352,pubmed:29349495,,,,,,,,
BGC0001670,T1PKS,PKSI,Polyketide,monensin,antibacterial;antifungal;antiviral,KX263301.1,Unknown,Streptomyces cinnamonensis,1961,pubmed:27718094,,,,,,,,
BGC0001677,T1PKS,PKSI,Polyketide,mycophenolic acid,,KU234530.1,Unknown,Penicillium roqueforti,5082,pubmed:27889155,,,,,,,,
BGC0001694,T1PKS,PKSI,Polyketide,neoabyssomicin;abyssomicin,,MG243704.1,Unknown,Streptomyces koyangensis,188770,pubmed:29463238,,,,,,,,
BGC0001700,T1PKS,PKSI,Polyketide,niphimycins C-E,antibacterial,MF671979.1,Unknown,Streptomyces sp. IMB7-145,2070498,pubmed:29308897,,,,,,,,
BGC0001708,T1PKS,PKSI,Polyketide;Terpene,novofumigatonin,,MSZS01000014.1,Unknown,Aspergillus novofumigatus IBT 16806,1392255,pubmed:29317534,,,,,,,,
BGC0001709,T1PKS,PKSI,Polyketide,nystatin,antifungal,MG742725.1,Unknown,Streptomyces albulus,68570,doi:10.3389/fmicb.2018.02550,,,,,,,,
BGC0001719,T1PKS,PKSI,Polyketide,olimycin A;olimycin B,,MN901947.1,Unknown,Streptomyces olivaceus,47716,doi:10.1016/j.tet.2017.11.069,,,,,,,,
BGC0001720,T1PKS,PKSI,Polyketide,oosporein,,JH725181.1,Unknown,Beauveria bassiana ARSEF 2860,655819,pubmed:28193896,,,,,,,,
BGC0001722,T1PKS,PKSI,Polyketide,aspernidine A,,BN001306.1,Unknown,Aspergillus nidulans FGSC A4,227321,pubmed:23248299;pubmed:22510150;pubmed:23706169,,,,,,,,
BGC0001727,lanthipeptide-class-i,RiPPs,RiPP,paenilan,,CP000154.2,Unknown,Paenibacillus polymyxa E681,349520,pubmed:28869797,,2507,2507,2507,2582,98,known_family,paenilan
BGC0001729,T1PKS,PKSI,Polyketide;Terpene,paraherquonin,,LC127182.1,Unknown,Penicillium brasilianum,104259,pubmed:27602587,,,,,,,,
BGC0001742,T1PKS,PKSI,Polyketide,piericidin A1,inhibitor,KX098584.1,Unknown,Candidatus Streptomyces philanthi bv. triangulum,371632,pubmed:29444867,,,,,,,,
BGC0001749,T1PKS,PKSI,Polyketide,epipyriculol,,CM001233.1,Unknown,Pyricularia oryzae 70-15,242507,pubmed:27902426,,,,,,,,
BGC0001755,T1PKS,PKSI,Polyketide,reedsmycins,antifungal,MG947597.1,Unknown,Streptomyces sp.,1931,pubmed:29914489,,,,,,,,
BGC0001770,T1PKS,PKSI,Polyketide,sceliphrolactam,,KX230849.1,Unknown,Streptomyces sp. SD85,1849710,pubmed:29371699,,,,,,,,
BGC0001773,T1PKS,PKSI,Polyketide,selvamicin,,CP013855.1,Unknown,Pseudonocardia sp. HH130630-07,1690815,pubmed:27803316,,,,,,,,
BGC0001784,T1PKS,PKSI,Polyketide,streptoseomycin,antibacterial,MG891745.1,Unknown,Streptomyces seoulensis,73044,pubmed:29697266,,,,,,,,
BGC0001812,T1PKS,PKSI,Polyketide,tylactone,,MF033535.1,Unknown,Micromonospora chalcea subsp. izumensis,2008351,pubmed:28525276,,,,,,,,
BGC0001827,T1PKS,PKSI,Polyketide,xenovulene A,,MG736817.1,Unknown,Sarocladium sp. 'schorii',2203296,pubmed:29773797,,,,,,,,
BGC0001828,T1PKS,PKSI,Polyketide,griseochelin,antibacterial;antiviral,KT345957.1,Unknown,Streptomyces griseus,1911,pubmed:30671322,,,,,,,,
BGC0001830,T1PKS,PKSI,Polyketide,rosamicin;salinipyrone A;pacificanone A,,KP997155.1,Unknown,Salinispora pacifica,351187,pubmed:25930739,,,,,,,,
BGC0001843,NRPS,NRPS,NRP,tridecaptin M,,CP034141.1,Unknown,Paenibacillus sp. M-152,2487928,pubmed:30936101,,2511,2510,2511,,61,known_family,tridecaptin;tridecaptin M
BGC0001854,T1PKS,PKSI,Polyketide,tricholignan A,iron reducing,JOKZ01000220.1,complete,Trichoderma harzianum,5544,pubmed:30842286,Gene expression correlated with compound production,,,,,,,
BGC0001858,T1PKS,PKSI,Polyketide,alternapyrone B;alternapyrone C;alternapyrone D;alternapyrone E;alternapyrone F,,CH445332.1,Unknown,Parastagonospora nodorum SN15,321614,pubmed:30226784,,,,,,,,
BGC0001865,T1PKS,PKSI,Polyketide,elsinochrome C,cytotoxic,NW_001884561.1,complete,Parastagonospora nodorum SN15,321614,pubmed:28251756;pubmed:30809363,Knock-out studies;Heterologous expression;Gene expression correlated with compound production,,,,,,,
BGC0001866,T1PKS,PKSI,Polyketide,viriditoxin,antibacterial;cytotoxic,NW_021167153.1,complete,Byssochlamys spectabilis,264951,pubmed:31045362;pubmed:31304040,Heterologous expression,,,,,,,
BGC0001886,T1PKS,PKSI,Polyketide,secalonic acids,,CAGA01000032.1,Unknown,Claviceps purpurea 20.1,1111077,pubmed:28955461,,,,,,,,
BGC0001887,,Others,RiPP,huazacin,,CM000756.1,Unknown,Bacillus thuringiensis serovar huazhongensis BGSC 4BD1,527030,pubmed:31059252,,3613,1737,3613,794,69,known_family,huazacin
BGC0001892,T1PKS,PKSI,Polyketide,botcinic acid,,CP009805.1,Unknown,Botrytis cinerea B05.10,332648,pubmed:30848345,,,,,,,,
BGC0001899,T1PKS,PKSI,Polyketide,abscisic acid,,FP929136.1,Unknown,Leptosphaeria maculans JN3,985895,pubmed:31034868,,,,,,,,
BGC0001906,T1PKS,PKSI,Polyketide,naphthalene,,KV884627.1,Unknown,Daldinia eschscholzii IFB-TL01,1169046,pubmed:30746075,,,,,,,,
BGC0001907,T1PKS,PKSI,Polyketide,chromane,,KV884643.1,Unknown,Daldinia eschscholzii IFB-TL01,1169046,pubmed:30746075,,,,,,,,
BGC0001909,T1PKS,PKSI,Polyketide,strobilurin A,,KY070339.1,Unknown,Strobilurus tenacellus,41251,pubmed:30258052,Heterologous expression,,,,,,,
BGC0001913,T1PKS,PKSI,Polyketide,phomoidride,,LC086931.1,Unknown,fungal sp. ATCC 74256,1729595,pubmed:26558485,,,,,,,,
BGC0001926,T1PKS,PKSI,Polyketide,chrodrimanin B,,LC422696.1,Unknown,Talaromyces verruculosus,198730,doi:10.1021/acs.orglett.8b03268,,,,,,,,
BGC0001934,T1PKS,PKSI,Polyketide,armeniaspirols,antibacterial,MF401191.1,Unknown,Streptomyces armeniacus,83291,pubmed:30747534,,,,,,,,
BGC0001944,T1PKS,PKSI,Polyketide,funisamine,,MH128143.1,Unknown,Streptosporangium sp.,47486,pubmed:30030223,,,,,,,,
BGC0001954,T1PKS,PKSI,NRP;Polyketide,wortmanamide A;wortmanamide B,,MH399766.1,Unknown,Talaromyces wortmannii,28567,pubmed:29343058,,,,,,,,
BGC0001976,T1PKS,PKSI,Terpene,eupenifeldin,,MK400120.1,Unknown,Phoma sp.,1707701,pubmed:30980906;pubmed:31461283,,,,,,,,
BGC0001988,T1PKS,PKSI,Polyketide,neosartorin,,MSZS01000005.1,Unknown,Aspergillus novofumigatus IBT 16806,1392255,pubmed:30394754,,,,,,,,
BGC0001998,T1PKS,PKSI,Polyketide,aspernidgulene A1;aspernidgulene A2;aspernidgulene B1,,NT_107014.1,Unknown,Aspergillus nidulans FGSC A4,227321,pubmed:30302871,,,,,,,,
BGC0002022,T1PKS,PKSI,Polyketide,armeniaspirol A;armeniaspirol B;armeniaspirol C,antibacterial,MK321256.1,Unknown,Streptomyces armeniacus,83291,pubmed:30556942,,,,,,,,
BGC0002032,T1PKS,PKSI,Polyketide,pentamycin,antifungal;antiprotozoal,QQVZ01000001.1,Unknown,Streptomyces sp. S816,2283197,pubmed:31095370,,,,,,,,
BGC0002038,T1PKS,PKSI,Polyketide,nigericin,,VCNB01000001.1,Unknown,Streptomyces sp. DASNCL29,2583819,pubmed:35514935,Enzymatic assays,,,,,,,
BGC0002062,T1PKS,PKSI,Polyketide,agnestin A;agnestin B,,MH898872.1,Unknown,Paecilomyces divaricatus,644132,pubmed:30746079,Knock-out studies,,,,,,,
BGC0002063,T1PKS,PKSI,Polyketide,cryptosporioptide B;cryptosporioptide A;cryptosporioptide C,antibacterial,MK182094.1,Unknown,Cryptosporiopsis sp. 8999,2572248,pubmed:30996871;pubmed:23642454,Knock-out studies,,,,,,,
BGC0002072,T1PKS,PKSI,Polyketide,linearmycin A;linearmycin B;linearmycin C;linearmycin C,antibacterial;antifungal,CP011664.1,complete,Streptomyces sp. Mg1,465541,pubmed:28919037;pubmed:29348524;pubmed:32964081;doi:10.1016/0040-4039(95)00392-P,Knock-out studies,,,,,,,
BGC0002086,T1PKS,PKSI,Polyketide,rosamicin,antibacterial,CP058322.1,complete,Micromonospora carbonacea,47853,pubmed:25930739;pubmed:32709196;patent:US10696996B2,,,,,,,,
BGC0002096,T1PKS,PKSI,Polyketide,tetrachlorizine,,SKBR01000004.1,Unknown,Streptomyces sp. AJS327,2545265,pubmed:33656337;doi:10.1021/jacs.0c12415,Enzymatic assays,,,,,,,
BGC0002098,T1PKS,PKSI,Polyketide,ECO-0501,,CP003410.1,Unknown,Amycolatopsis keratiniphila,129921,pubmed:17136886;doi:10.1038/ja.2006.74,Knock-out studies;Gene expression correlated with compound production,,,,,,,
BGC0002101,T1PKS,PKSI,Polyketide,heronamide C;heronamide A;heronamide B,antifungal;cytotoxic,LT548273.1,complete,Streptomyces sp. CMB-0406 CBM-0406,1826667,pubmed:27091090;pubmed:24670227,,,,,,,,
BGC0002102,T1PKS,PKSI,Polyketide,pladienolide B,,MN974405.1,Unknown,Streptomyces platensis,58346,pubmed:34094178,Knock-out studies,,,,,,,
BGC0002103,CDPS,NRPS,Other,pulcherriminic acid,,NC_000964.3,Unknown,Bacillus subtilis subsp. subtilis str. 168,224308,pubmed:33260656;doi:10.3390/molecules25235611,Heterologous expression,2559,2559,2559,,27,known_family,pulcherriminic acid
BGC0002105,T1PKS,PKSI,Polyketide,lucensomycin,antifungal,NZ_MSGP01000218.1,incomplete,Streptomyces viridosporus NRRL 2414,67581,pubmed:5364432;pubmed:5297232,Gene expression correlated with compound production,,,,,,,
BGC0002124,T1PKS,PKSI,Polyketide,SF2487,antibacterial,CP053892.1,complete,Actinomadura verrucosospora NRRL:B18236,46165,pubmed:32925967;pubmed:2324011,Knock-out studies,,,,,,,
BGC0002138,T1PKS,PKSI,Polyketide,fuelimycin A;fuelimicin B;fuelimicin C,,NSJV01000558.1,Unknown,Streptomyces albireticuli NRRL B-1670,1940,pubmed:0,Heterologous expression,,,,,,,
BGC0002139,T1PKS,PKSI,Polyketide,burnettiene A;preburnettiene B;preburnettiene A,cytotoxic;antibacterial,SPNV01000211.1,complete,Aspergillus burnettii FRR 5400,2508778,pubmed:34714309,Heterologous expression,,,,,,,
BGC0002154,T1PKS,PKSI,Polyketide,"1,3,5,8-tetrahydroxynapthalene;1-(alpha-l-(2-O-methyl)-6-deoxymannopyranosyloxy)-3,6,8-trimethoxynaphthalene",,CM001232.1,Unknown,Pyricularia oryzae 70-15,242507,pubmed:8905089;pubmed:18492280;pubmed:33189072;doi:10.1146/annurev.micro.50.1.491,,,,,,,,
BGC0002155,T1PKS,PKSI,Polyketide,nectriapyrone C;nectriapyrone D;nectriapyrone,,CM001235.1,Unknown,Pyricularia oryzae 70-15,242507,pubmed:30443971,Gene expression correlated with compound production;Knock-out studies,,,,,,,
BGC0002161,T1PKS,PKSI,Polyketide,scytalone;T3HN,,KI912112.1,Unknown,Pestalotiopsis fici W106-1,1229662,pubmed:28517364;pubmed:31116900;doi:10.1111/mmi.13711;doi:10.1111/mmi.14281,Heterologous expression;Gene expression correlated with compound production,,,,,,,
BGC0002165,T1PKS,PKSI,Polyketide,betaenone C;probetaenone I;stemphyloxin II;compound 4;compound 6;compound 7;compound 9;compound 3;dehydroprobetaenone I;compound 5,,CH445335.1,Unknown,Parastagonospora nodorum SN15,321614,pubmed:31553484;doi:10.1002/chem.201904360,,,,,,,,
BGC0002168,T1PKS,PKSI,Polyketide,decumbenone a;calbistrin A;calbistrin C;decumbenone B;decumbenone c;dioic acid moiety,,MW315913.1,Unknown,Aspergillus stellatus,1549217,pubmed:30598828;pubmed:33480463;doi:10.1186/s40694-018-0063-4;doi:10.1002/anie.202016525,,,,,,,,
BGC0002170,T1PKS,PKSI,Polyketide,4-methyl-5-dimethyltetradecahexaene-β-ketolactone;4-methyl-5-methylheptatriene-β-ketolactone,,LC492132.1,Unknown,Aspergillus stellatus,1549217,pubmed:31678008,Heterologous expression,,,,,,,
BGC0002175,T1PKS,PKSI,Polyketide,YWA1,,BA000052.1,Unknown,Aspergillus oryzae RIB40,510516,pubmed:31655589,,,,,,,,
BGC0002177,T1PKS,PKSI,Polyketide,ustilaginoidin N;ustilaginoidin O;ustilaginoidin M;ustilaginoidin A;ustilaginoidin F;ustilaginoidin E;ustilaginoidin D;ustilaginoidin G,,JHTR01000008.1,Unknown,Ustilaginoidea virens,1159556,pubmed:30807673;doi:10.1111/1462-2920.14572,Knock-out studies,,,,,,,
BGC0002180,T1PKS,PKSI,Polyketide,"(+)-asperlin;(2Z,4Z,6E)-octa-2,4,6-trienoic acid",,BN001306.1,Unknown,Aspergillus nidulans FGSC A4,227321,pubmed:30339758,,,,,,,,
BGC0002185,T1PKS,PKSI,Polyketide,gregatin A,,LC522971.1,Unknown,Penicillium sp.,5081,pubmed:32275405,,,,,,,,
BGC0002187,T1PKS,PKSI,Polyketide,monorden D;monocillin IV;monocillin VI;monocillin VII;pochonin M;monocillin V;monocillin II,,CM008060.1,Unknown,Pochonia chlamydosporia 170,1380566,pubmed:31244199,,,,,,,,
BGC0002190,T1PKS,PKSI,Polyketide,sorbicillin;2'3'-dihydrosorbicillin;sorbicillinol;oxosorbicillinol;bisvertinolone (spelled bisvertinolon in paper);dihydrobisvertinolone;tetrahydrobisvertinolone;bisorbicillinol;2'3'-dihydrosorbicillinol,,JPKY01000049.1,Unknown,Acremonium chrysogenum ATCC 11550,857340,pubmed:30809786,,,,,,,,
BGC0002191,T1PKS,PKSI,Polyketide,prolipyrone B;gibepyrone D,,CM000575.1,Unknown,Fusarium graminearum PH-1,229533,pubmed:30200525;doi:10.3390/molecules23092232,Gene expression correlated with compound production,,,,,,,
BGC0002192,T1PKS,PKSI,Polyketide,FR901512,,BDMC01000041.1,Unknown,fungal sp. No.14919,1813822,pubmed:30403849,Heterologous expression,,,,,,,
BGC0002194,T1PKS,PKSI,Polyketide,epipyrone A,,KZ107846.1,Unknown,Epicoccum nigrum,105696,pubmed:32527544,,,,,,,,
BGC0002196,T1PKS,PKSI,Polyketide,clavatol,,MK360918.1,Unknown,Penicillium crustosum,36656,pubmed:30811183,Heterologous expression;Enzymatic assays,,,,,,,
BGC0002206,T1PKS,PKSI,Polyketide,harziphilone;t22azaphilone;isoharziphilone-1;isoharziphilone-2;compound 4;compound 1,,LVVK01000021.1,Unknown,Trichoderma guizhouense,1491466,pubmed:32985773,,,,,,,,
BGC0002211,T1PKS,PKSI,Polyketide,HEx-pks1 polyketide,,KV441552.1,Unknown,Paraphaeosphaeria sporulosa,1460663,pubmed:29651464,,,,,,,,
BGC0002213,T1PKS,PKSI,Polyketide,HEx-pks16 polyketide,,JH687542.1,Unknown,Punctularia strigosozonata HHB-11173 SS5,741275,pubmed:29651464,,,,,,,,
BGC0002214,T1PKS,PKSI,Polyketide,HEx-pks17 polyketide,,KN839868.1,Unknown,Hydnomerulius pinastri MD-312,994086,pubmed:29651464,,,,,,,,
BGC0002215,T1PKS,PKSI,Polyketide,HEx-pks23 polyketide,,KE720645.1,Unknown,Endocarpon pusillum Z07020,1263415,pubmed:29651464,,,,,,,,
BGC0002222,T1PKS,PKSI,Polyketide,zopfiellin,,LC516887.1,Unknown,Diffractella curvata,2819868,pubmed:32065755,,,,,,,,
BGC0002223,T1PKS,PKSI,Polyketide,scytalidin,,MT724050.1,Unknown,Scytalidium album,1525810,pubmed:34094403,,,,,,,,
BGC0002224,T1PKS,PKSI,Polyketide,zopfiellin,,MT724049.1,Unknown,Diffractella curvata,2819868,pubmed:34094403,Knock-out studies,,,,,,,
BGC0002227,T1PKS,PKSI,NRP,AKML B;AKML D;AKML A;AKML C,,DF126453.1,Unknown,Aspergillus luchuensis IFO 4308,1033177,pubmed:32663020;doi:10.1021/acs.orglett.0c01975,,,,,,,,
BGC0002228,T1PKS,PKSI,NRP,CIML B;CIML A;CIML D;CIML C,,LFIW01000394.1,Unknown,Colletotrichum incanum,1573173,pubmed:32663020;doi:10.1021/acs.orglett.0c01975,,,,,,,,
BGC0002229,T1PKS,PKSI,Polyketide,6-MSA;aculin A,,KV878982.1,Unknown,Aspergillus aculeatus ATCC 16872,690307,pubmed:26374386;doi:10.1002/cbic.201500210,,,,,,,,
BGC0002233,T1PKS,PKSI,Polyketide,trichoxide,,ABDF02000086.1,Unknown,Trichoderma virens Gv29-8,413071,pubmed:31790246,,,,,,,,
BGC0002236,T1PKS,PKSI,Polyketide,8-methyldiaporthin,,AP007175.1,Unknown,Aspergillus oryzae RIB40,510516,pubmed:22447538;doi:10.1002/cbic.201200107,,,,,,,,
BGC0002237,T1PKS,PKSI,Polyketide,dichlorodiaporthin,,AP007164.1,Unknown,Aspergillus oryzae RIB40,510516,pubmed:27559694;pubmed:33957045,,,,,,,,
BGC0002238,T1PKS,PKSI,Polyketide,"2,4'-dihydroxy-3'-methoxypropiophenone",,AP007162.1,Unknown,Aspergillus oryzae RIB40,510516,pubmed:32885554;doi:10.1002/cbic.202000505,,,,,,,,
BGC0002240,T1PKS,PKSI,Polyketide,BAB;BAA,,JNNZ01000213.1,Unknown,Metarhizium anisopliae,5530,pubmed:33991663,,,,,,,,
BGC0002244,T1PKS,PKSI,Polyketide,"3'-methoxy-1,2-dehydropenicillide;pestalotiollide B;pestalotiollide C;1,2-dehydropenicillide;3-methoxy-1,2-dehydropenicillide;1,2-epoxy-3,4-didehydropenicillide",,JAANBA010000208.1,Unknown,Neopestalotiopsis clavispora,289240,pubmed:31474098;doi:10.4014/jmb.1905.05051,Knock-out studies,,,,,,,
BGC0002253,T1PKS,PKSI,Polyketide,waikikiamide A;waikikiamide B;waikikiamide C;(+)-semivioxanthin;semivioxanthin,,MT457560.1,Unknown,Aspergillus sp. FM242,2741095,pubmed:32433885;doi:10.1021/acs.orglett.0c01411,,,,,,,,
BGC0002255,T1PKS,PKSI,Polyketide,lijiquinone,,KT874412.1,Unknown,Ascomycota sp. F53,1168013,pubmed:32281262,,,,,,,,
BGC0002257,T1PKS,PKSI,Polyketide,rufoschweinitzin,,MN628571.1,Unknown,Xylaria schweinitzii,364010,pubmed:32159919,Heterologous expression,,,,,,,
BGC0002258,T1PKS,PKSI,Polyketide,shimalactone A;shimalactone B,,LC462123.1,Unknown,Aspergillus stellatus,1549217,pubmed:32129542;doi:10.1002/anie.202001024,Heterologous expression,,,,,,,
BGC0002266,T1PKS,PKSI,Terpene;Polyketide,calidoustene A;calidoustene B;calidoustene C,,CDMC01000002.1,Unknown,Aspergillus calidoustus,454130,pubmed:34468074;doi:10.1002/anie.202108970,Knock-out studies,,,,,,,
BGC0002267,T1PKS,PKSI,Polyketide,azasperpyranone A;azasperpyranone B;azasperpyranone C;azasperpyranone D;azasperpyranone E;azasperpyranone F;azasperpyranone G;azasperpyranone H,,CH476604.1,Unknown,Aspergillus terreus NIH2624,341663,pubmed:31908094,,,,,,,,
BGC0002291,T1PKS,PKSI,Polyketide,efomycin K;efomycin L,,CP025018.1,Unknown,Streptomyces sp. M56,1495638,pubmed:31447803;doi:10.3389/fmicb.2019.01739,,,,,,,,
BGC0002301,T1PKS,PKSI,Polyketide,(P)-ustilaginoidin A,,MK449412.1,Unknown,Aschersonia paraphysata,370937,pubmed:31050129,Enzymatic assays,,,,,,,
BGC0002308,T1PKS,PKSI,Alkaloid;Polyketide,camporidine A;camporidine B,,MK234900.1,Unknown,Streptomyces sp.,1931,pubmed:30912943,,,,,,,,
BGC0002333,T1PKS,PKSI,Polyketide,lucensomycin,,MW175861.1,Unknown,Streptomyces cyanogenus,80860,pubmed:33568768,Knock-out studies,,,,,,,
BGC0002355,T1PKS,PKSI,Polyketide;Other,tetrafibricin,,LC208006.1,Unknown,Streptomyces neyagawaensis,42238,pubmed:28133950,Heterologous expression,,,,,,,
BGC0002356,T1PKS,PKSI,Polyketide;Other,mediomycin A,antifungal,LC208005.1,Unknown,Streptomyces blastmyceticus,68180,pubmed:28133950,Heterologous expression,,,,,,,
BGC0002357,T1PKS,PKSI,Polyketide;Other,neomediomycin B,,LC208004.1,Unknown,Streptomyces sp. RK95-74,1934390,pubmed:28133950,Heterologous expression,,,,,,,
BGC0002376,T1PKS,PKSI,Polyketide,bombyxamycin A;bombyxamycin B,,MK433001.1,Unknown,Streptomyces sp.,1931,pubmed:30801193,Knock-out studies;Gene expression correlated with compound production,,,,,,,
BGC0002387,T1PKS,PKSI,Polyketide,yangpumicin A,,FMIA01000002.1,Unknown,Micromonospora yangpuensis,683228,pubmed:29086572,,,,,,,,
BGC0002429,T1PKS,PKSI,Terpene;Polyketide,higginsianin B,,CM004458.1,Unknown,Colletotrichum higginsianum IMI 349063,759273,pubmed:32286350,Heterologous expression,,,,,,,
BGC0002431,T1PKS,PKSI,Polyketide;Saccharide,maduramicin,,MN272733.1,Unknown,Actinomadura sp.,1989,pubmed:31853778,Gene expression correlated with compound production,,,,,,,
BGC0002446,T1PKS,PKSI,Polyketide,ionostatin,,MT571494.1,Unknown,Streptomyces sp.,1931,pubmed:32852937,,,,,,,,
BGC0002452,T1PKS,PKSI,Polyketide,leucomycin,,LC496468.1,Unknown,Streptomyces kitasatoensis,97405,pubmed:32782248,,,,,,,,
BGC0002483,T1PKS,PKSI,Polyketide,usnic acid,,MG777490.1,Unknown,Cladonia uncialis subsp. uncialis,180999,pubmed:26895859,,,,,,,,
BGC0002488,,Others,Other,bacillopaline,,CP002869.1,Unknown,Paenibacillus mucilaginosus KNP414,1036673,pubmed:32817386,,2264,2264,3517,794,68,known_family,bacillopaline
BGC0002498,T1PKS,PKSI,Other,desulfoclethramycin;clethramycin,,MT994315.1,Unknown,Streptomyces sp.,1931,pubmed:34170140,Knock-out studies,,,,,,,
BGC0002500,T1PKS,PKSI,Polyketide,NFAT-133,,MW026651.1,Unknown,Streptomyces pactum,68249,pubmed:33284588;doi:10.1021/acschembio.0c00775,Knock-out studies;Enzymatic assays,,,,,,,
BGC0002502,T1PKS,PKSI,Polyketide,fumonisin B3;fumonisin B2;fumonisin B1,,HQ622717.1,Unknown,Fusarium fujikuroi,5127,pubmed:30987138;doi:10.3390/toxins11040200,Gene expression correlated with compound production,,,,,,,
BGC0002507,T1PKS,PKSI,Polyketide,sporandol,,MN832834.1,Unknown,Chrysosporium merdarium,108922,pubmed:32227858,Heterologous expression,,,,,,,
BGC0002515,T1PKS,PKSI,Polyketide,solanapyrone A,,RYYQ01000008.1,Unknown,Ascochyta rabiei,5454,pubmed:26342019,Knock-out studies;Gene expression correlated with compound production,,,,,,,
BGC0002517,T1PKS,PKSI,Polyketide,tripartilactam;niizalactam C,inhibitor,MN305323.1,Unknown,Streptomyces sp.,1931,pubmed:31899637,Knock-out studies,,,,,,,
BGC0002523,T1PKS,PKSI,NRP,desertomycin B;desertomycin A;desertomycin G,,LC529898.1,Unknown,Streptomyces nobilis,66901,pubmed:32457441,Heterologous expression,,,,,,,
BGC0002525,T1PKS,PKSI,Polyketide,fusarubin;1233A;1233B;NG-391;lucilactaene,,LC516401.1,Unknown,Fusarium sp.,29916,pubmed:32139880,Knock-out studies,,,,,,,
BGC0002526,T1PKS,PKSI,Polyketide,K-41A,antibacterial;antimalarial;antiviral,MT318810.1,Unknown,Streptomyces sp.,1931,pubmed:32511927,Knock-out studies,,,,,,,
BGC0002537,T1PKS,PKSI,Polyketide;Terpene,emeridone F,,LC537469.1,Unknown,Aspergillus sp.,5065,pubmed:32402203,Heterologous expression,,,,,,,
BGC0002541,T1PKS,PKSI,Other,notonesomycin A,,MN586816.1,Unknown,Streptomyces sp.,1931,pubmed:32192516,Heterologous expression,,,,,,,
BGC0002545,T1PKS,PKSI,Polyketide,sungeidine C;sungeidine B;sungeidine D;sungeidine H;sungeidine A;sungeidine E;sungeidine F;sungeidine G,,MN296090.1,Unknown,Micromonospora sp.,1876,pubmed:31922407,Gene expression correlated with compound production,,,,,,,
BGC0002559,T1PKS,PKSI,Polyketide,J1-001-2,,MN071207.1,Unknown,Streptomyces hygroscopicus,1912,doi:10.1021/acsptsci.8b00007,,,,,,,,
BGC0002587,T1PKS,PKSI,Polyketide,ossamycin,,MH763624.1,Unknown,Streptomyces ossamyceticus,249581,pubmed:31039188,Gene expression correlated with compound production,,,,,,,
BGC0002592,T1PKS,PKSI,Polyketide,geodin,,CH476605.1,Unknown,Aspergillus terreus NIH2624,341663,pubmed:24009710;doi:10.1371/journal.pone.0072871,Knock-out studies;Gene expression correlated with compound production,,,,,,,
BGC0002594,T1PKS,PKSI,Polyketide,orcinol;orsellinic acid,,CM000575.1,Unknown,Fusarium graminearum PH-1,229533,pubmed:25011010,Knock-out studies;Gene expression correlated with compound production,,,,,,,
BGC0002596,T1PKS,PKSI,Polyketide,lecanoric acid;orsellinic acid,,CAGA01000059.1,Unknown,Claviceps purpurea 20.1,1111077,pubmed:33130255,,,,,,,,
BGC0002612,T1PKS,PKSI,Terpene,anditomin,,AB981314.1,Unknown,Aspergillus stellatus,1549217,pubmed:25216349;doi:10.1021/ja508127q,Enzymatic assays,,,,,,,
BGC0002615,T1PKS,PKSI,Terpene,4-oxomacrophorin A;macrophorin A;5'-epimacrophorin B,,MH388470.1,Unknown,Penicillium terrestre,374132,pubmed:28926261,Knock-out studies,,,,,,,
BGC0002616,T1PKS,PKSI,Polyketide,mycophenolic acid,,KU234531.1,Unknown,Penicillium roqueforti,5082,pubmed:27889155,Gene expression correlated with compound production,,,,,,,
BGC0002619,T1PKS,PKSI,Polyketide,mycophenolic acid,,KM595305.1,Unknown,Penicillium brevicompactum,5074,pubmed:25630520;doi:10.1002/cbic.201402600,Gene expression correlated with compound production,,,,,,,
BGC0002634,T1PKS,PKSI,Polyketide;NRP;Other,vicenistatin,,OL310481.1,Unknown,Streptomyces parvus,66428,pubmed:35042332;doi:10.1021/acs.jnatprod.1c01044,Heterologous expression;Knock-out studies,,,,,,,
BGC0002641,NRPS,NRPS,NRP,bacillothiazol A;bacillothiazol B;bacillothiazol C;bacillothiazol D;bacillothiazol E;bacillothiazol F;bacillothiazol G;bacillothiazol H;bacillothiazol I;bacillothiazol J;bacillothiazol K;bacillothiazol L;bacillothiazol M;bacillothiazol N,,CP000560.2,Unknown,Bacillus velezensis FZB42,326423,pubmed:17704766;doi:10.1021/acscatal.1c05131,Heterologous expression;Enzymatic assays,2401,2401,2401,,116,known_family,bacillothiazol A;bacillothiazol B;bacillothiazol C;bacillothiazol D;bacillothiazol E;bacillothiazol F;bacillothiazol G;bacillothiazol H;bacillothiazol I;bacillothiazol J;bacillothiazol K;bacillothiazol L;bacillothiazol M;bacillothiazol N
BGC0002653,NRPS,NRPS,NRP,macolacin,,CP018620.1,Unknown,Paenibacillus xylanexedens,528191,pubmed:34987225,,380,380,380,,43,known_family,polymyxin B;macolacin;polymyxin;colistin A;colistin B
BGC0002663,lanthipeptide-class-ii,RiPPs,RiPP,amyloliquecidin GF610,,CP006058.1,Unknown,Bacillus amyloliquefaciens UMAF6639,1333538,pubmed:34487591;doi:10.1111/jam.15290,,2420,3657,3657,2582,104,known_family,amyloliquecidin GF610
BGC0002673,T1PKS,PKSI,Polyketide;Alkaloid,iminimycin A;iminimycin B,,AP009493.1,Unknown,Streptomyces griseus subsp. griseus NBRC 13350,455632,pubmed:34767291,Knock-out studies,,,,,,,
BGC0002709,T1PKS,PKSI,Polyketide,aurofusarin,,CM000574.1,Unknown,Fusarium graminearum PH-1,229533,pubmed:16879655,Knock-out studies,,,,,,,
BGC0002726,T1PKS,PKSI,Polyketide,4-chloropinselin;pinselin;chloromonilinic acid B;chloromonilinic acid D;4-hydroxyvertixanthone,,MK523385.1,Unknown,Bipolaris sorokiniana,45130,pubmed:31001746,,,,,,,,
BGC0002729,T1PKS,PKSI,Polyketide,sordarial,,CM002236.1,Unknown,Neurospora crassa OR74A,367110,pubmed:30908040,Heterologous expression,,,,,,,
BGC0002731,T1PKS,PKSI,Polyketide,nanangenine A;nanangenine B;nanangenine C,,MN200101.1,Unknown,Aspergillus nanangensis,2582783,pubmed:31807198;doi:10.3762/bjoc.15.256,,,,,,,,
BGC0002745,T1PKS,PKSI,Polyketide,verrucosidin,,MDYM01000002.1,Unknown,Penicillium polonicum,60169,pubmed:34093475;doi:10.3389/fmicb.2021.660871,Knock-out studies,,,,,,,
